id,Choice
1,0
2,0.4
3,0
4,0.8
5,0.4
6,0
7,0.8
8,1
9,0
10,1
11,0
12,0.8
13,0.4
14,0.4
15,0.8
16,0.2
17,0.8
18,0
19,0.8
20,0.6
21,0.6
22,0
23,0.8
24,0.8
25,0
26,0.6
27,0.4
28,0.2
29,0.4
30,0.6
31,0.4
32,1
33,0.2
34,1
35,0.8
36,0.2
37,0.6
38,0
39,1
40,0.8
41,1
42,0.4
43,0.4
44,1
45,0
46,0.8
47,0.2
48,0
49,0
50,0.4
51,0
52,0
53,0
54,0.6
55,1
56,0.6
57,0
58,0.4
59,0.4
60,0.4
61,0.2
62,0.8
63,0.2
64,0.4
65,0.6
66,0.6
67,0.8
68,0.4
69,0.4
70,0.6
71,0.8
72,0.2
73,0.4
74,0.4
75,0.2
76,0
77,0.8
78,0.6
79,0.4
80,0
81,0.6
82,0
83,0
84,0.4
85,0.4
86,0.4
87,0.2
88,0.2
89,0.8
90,0.2
91,0.6
92,0.2
93,0.6
94,0.8
95,0.2
96,0.2
97,1
98,0.4
99,0.4
100,0.2
101,0.6
102,1
103,0.8
104,0.6
105,0.6
106,0.4
107,0.4
108,0.6
109,0.2
110,0.6
111,0.4
112,0.2
113,1
114,1
115,1
116,1
117,0.8
118,1
119,0.6
120,0.8
121,0.8
122,1
123,0
124,1
125,0
126,1
127,0.8
128,0.4
129,0.6
130,0.6
131,0
132,6.00E-01
133,0.00E+00
134,0.6
135,0
136,0.6
137,1
138,0.2
139,0.8
140,0.8
141,0.8
142,0.6
143,0.2
144,0.8
145,0.8
146,0
147,0.2
148,0
149,0.2
150,0.8
151,0
152,0
153,1
154,1
155,0.4
156,0.6
157,0.4
158,1
159,0.4
160,0.8
161,0.8
162,0.8
163,1
164,1
165,0.8
166,0.4
167,0.8
168,1
169,0.8
170,0
171,0.2
172,0.2
173,0.2
174,0.4
175,0.2
176,0.2
177,0.4
178,0.8
179,0.8
180,0.8
181,0.6
182,0
183,1
184,0.4
185,0.2
186,0.8
187,0.2
188,0.2
189,0.6
190,1
191,1
192,0.8
193,0.4
194,0.4
195,0.8
196,1
197,0.6
198,1
199,1
200,0.4
201,0.8
202,0.8
203,0.2
204,0.8
205,1
206,0.4
207,1
208,0.6
209,0
210,0.2
211,0.8
212,0.8
213,0.8
214,0.8
215,1
216,0.4
217,0.8
218,1
219,1
220,0.2
221,0.4
222,0.8
223,0.4
224,0.2
225,0
226,0.4
227,1
228,0.2
229,1
230,0.6
231,0
232,0.2
233,0.4
234,1
235,0.8
236,0.6
237,0.6
238,0.8
239,0.2
240,1
241,1
242,0.8
243,0.4
244,0.2
245,0
246,0.8
247,0.4
248,1
249,0.8
250,0.4
251,1
252,1
253,0.8
254,0.4
255,0
256,0
257,0.2
258,0
259,0.6
260,0.6
261,0
262,0.8
263,0.8
264,1
265,0.6
266,0.2
267,0.6
268,0.2
269,0.6
270,0.8
271,0.8
272,1
273,0.8
274,0.2
275,0.8
276,0.4
277,0.6
278,0.8
279,1
280,0.2
281,0.2
282,1
283,0.4
284,0.8
285,0.4
286,0.6
287,0.8
288,0.6
289,0.2
290,0.4
291,1
292,0.6
293,0.8
294,0
295,1
296,0.2
297,0.8
298,0.8
299,1
300,0.8
301,0.4
302,0.4
303,1
304,0.4
305,1
306,0.2
307,0
308,0.4
309,0.6
310,0
311,0.2
312,0.4
313,0.4
314,0.2
315,0.6
316,0.6
317,0.8
318,0
319,0.2
320,0.8
321,0.4
322,8.00E-01
323,4.00E-01
324,0.6
325,1
326,0
327,0.6
328,0.4
329,0.8
330,0.8
331,0.2
332,0
333,0.8
334,0
335,0.8
336,1
337,0.8
338,0.2
339,1
340,0.4
341,1
342,0.4
343,0.6
344,0.2
345,0.4
346,0
347,0.6
348,0
349,0.2
350,0.2
351,0.8
352,0.2
353,0.6
354,0.4
355,0.4
356,0.4
357,0.6
358,0.6
359,0.2
360,1
361,0.8
362,0.4
363,1
364,0
365,0.8
366,0
367,1
368,0.8
369,0.6
370,0.8
371,0.6
372,0.2
373,0.8
374,0.8
375,0.8
376,0.8
377,0.6
378,0.6
379,0
380,6.00E-01
381,8.00E-01
382,0.6
383,1
384,0.4
385,0
386,0.2
387,0
388,0.6
389,0.2
390,1
391,0.6
392,0.2
393,0.2
394,0
395,0.6
396,0.6
397,0.8
398,0.2
399,0.8
400,0
401,0.6
402,0.8
403,0.2
404,0.2
405,1
406,1
407,0.4
408,1
409,0.8
410,0
411,0.4
412,0.6
413,0.6
414,0.4
415,0.6
416,0.2
417,0.4
418,0.2
419,0.2
420,1
421,0.2
422,0.4
423,1
424,0.2
425,0
426,0
427,0.2
428,0
429,0.8
430,0.8
431,0
432,0.4
433,0.4
434,0
435,0
436,0.8
437,0.8
438,1
439,0
440,0.8
441,0.4
442,0.8
443,0.4
444,0.4
445,1
446,1
447,0.8
448,0.8
449,0.6
450,0.4
451,1
452,0.6
453,0.6
454,0.8
455,1
456,0.6
457,0
458,0.2
459,0.4
460,0.6
461,0.4
462,1
463,0.4
464,0
465,0
466,0
467,0.4
468,1
469,0.6
470,0.8
471,0.8
472,1
473,0.6
474,0.4
475,0.2
476,0
477,0.4
478,0.8
479,0.4
480,0.8
481,0.8
482,0.8
483,0
484,0.4
485,0.6
486,0.6
487,0
488,0.4
489,1
490,0.4
491,0.4
492,0
493,1
494,1
495,0.6
496,1
497,0.6
498,0.4
499,0.4
500,0.8
501,0.2
502,0.2
503,0.8
504,0.6
505,0.8
506,0.4
507,0
508,0.4
509,0
510,0.2
511,0
512,0.2
513,0.2
514,0.4
515,0.4
516,0.6
517,0
518,1
519,1
520,0.2
521,0.6
522,0.6
523,1
524,0.6
525,1
526,1
527,0.4
528,0.4
529,1
530,0
531,0.8
532,0.4
533,0.4
534,0.8
535,0.4
536,0.8
537,0.8
538,0.4
539,0.4
540,0.6
541,0.2
542,1
543,0.2
544,1
545,0.4
546,0.4
547,0.2
548,0.4
549,0.8
550,0
551,0.6
552,0.6
553,0.8
554,0.6
555,1
556,0
557,0.8
558,1
559,0.6
560,0.6
561,1
562,0.4
563,0.8
564,0.4
565,0.8
566,0.2
567,0.8
568,0.2
569,0
570,1
571,0.8
572,0.2
573,0.6
574,0.4
575,0.8
576,0.6
577,0.2
578,0.6
579,0
580,0.8
581,1
582,0.6
583,0.4
584,0
585,0.2
586,1
587,1
588,0
589,0.2
590,0.2
591,0.4
592,0.4
593,0.4
594,0.2
595,0.8
596,0.8
597,1
598,0.6
599,0
600,0.2
601,0.4
602,0.8
603,0.2
604,0.8
605,0
606,0.8
607,0.8
608,0
609,0.2
610,0.4
611,0.8
612,0
613,0.6
614,0.6
615,0.6
616,0.2
617,0.2
618,0.2
619,0.2
620,0.4
621,0.6
622,0.2
623,0.8
624,0.6
625,0
626,0.2
627,0.8
628,0.2
629,0.4
630,1
631,0.8
632,1
633,1
634,0
635,0.2
636,1
637,0
638,0.8
639,1
640,0
641,1
642,0.8
643,0.2
644,0.6
645,1
646,1
647,0.8
648,0.2
649,0.8
650,1
651,0.8
652,1
653,0.6
654,0.2
655,0
656,0.6
657,0.2
658,0.2
659,0
660,1
661,0
662,0.8
663,0.4
664,0.4
665,0.8
666,0
667,0.2
668,0.6
669,0.8
670,1
671,1
672,0.4
673,0.4
674,0.4
675,0.6
676,0.2
677,0.6
678,0
679,0.2
680,1
681,0.4
682,1
683,0.8
684,0.4
685,1
686,0.2
687,0.8
688,0.2
689,0
690,1
691,0.8
692,0.2
693,0.6
694,1
695,0
696,0.6
697,1
698,0.8
699,0.2
700,1
701,0.4
702,0.6
703,0.4
704,0.2
705,0.6
706,0.2
707,0.2
708,0.2
709,0.8
710,1
711,0.8
712,0.2
713,0.2
714,0.4
715,0
716,0.4
717,0.8
718,1.00E+00
719,4.00E-01
720,0.2
721,0.4
722,1
723,0
724,0.2
725,0.6
726,0.8
727,0.2
728,0.6
729,0.2
730,0.4
731,0.4
732,0.6
733,1
734,1
735,0.2
736,0.4
737,0.6
738,0.4
739,0.2
740,0.2
741,0.6
742,1
743,0.4
744,1
745,0.8
746,0.6
747,0.6
748,0
749,0.6
750,0.8
751,0.6
752,0.4
753,0
754,0.6
755,0.8
756,1
757,0.8
758,0.8
759,0.6
760,1
761,1
762,0.8
763,0
764,0.2
765,0.2
766,0.6
767,0.4
768,0.4
769,0.8
770,0.8
771,0.8
772,0.4
773,0.2
774,0.2
775,0.6
776,0.6
777,0
778,1
779,0.2
780,0
781,1
782,1
783,0.6
784,0.6
785,0.6
786,0.8
787,0.8
788,0.4
789,0.6
790,0.6
791,0.6
792,0.6
793,0
794,0
795,0.4
796,1
797,0.2
798,0.2
799,0
800,0.4
801,0.4
802,0.8
803,0
804,0.4
805,0.8
806,0
807,0.4
808,0.6
809,1
810,0.6
811,0.4
812,0.8
813,0.2
814,0.6
815,0.8
816,0
817,0.4
818,1
819,0
820,0.6
821,0.2
822,0.6
823,0.8
824,0
825,0
826,0
827,0.6
828,1
829,0.2
830,0.6
831,0
832,0.6
833,1
834,0.6
835,0.4
836,1
837,1
838,0.4
839,0.2
840,0.2
841,0.4
842,0.4
843,0
844,0.4
845,0.8
846,1
847,0.2
848,0.4
849,0.8
850,0
851,0.4
852,1
853,0.8
854,1
855,0
856,0.6
857,1
858,0.4
859,1
860,0.6
861,0.8
862,0.2
863,0.8
864,0
865,0.2
866,0.2
867,0.8
868,1
869,0.8
870,0
871,0.6
872,0
873,0.6
874,0.8
875,0
876,1
877,1
878,0.2
879,1
880,1
881,0.4
882,0.6
883,1
884,0.2
885,1
886,0.4
887,0.4
888,0.6
889,0.8
890,0.2
891,1
892,0.4
893,0.4
894,0.2
895,0.8
896,0
897,0.2
898,0
899,0.2
900,0.6
901,0.8
902,0.4
903,1
904,0.4
905,0.4
906,0.8
907,0.6
908,0
909,0.6
910,0.8
911,0.4
912,0.8
913,0.4
914,0
915,0.4
916,0
917,0.4
918,0.2
919,0.6
920,0.6
921,1
922,0.4
923,0.4
924,0.4
925,0.2
926,1
927,0.6
928,1
929,0
930,0.8
931,0.2
932,0.2
933,0.6
934,0.8
935,0.8
936,0
937,0
938,0.2
939,0.8
940,0.4
941,0.6
942,1
943,1
944,0.2
945,0.4
946,0.6
947,0.6
948,0.4
949,0
950,0.2
951,0.4
952,0.2
953,0
954,0.6
955,0.2
956,1
957,0.8
958,0
959,1
960,0.2
961,1
962,0.6
963,1
964,0.2
965,0.4
966,0.8
967,0.8
968,0.8
969,0.4
970,1
971,0.6
972,0.6
973,0.8
974,1
975,0.4
976,0.4
977,0.4
978,0.2
979,0.6
980,0.6
981,1
982,1
983,0
984,0.4
985,1
986,0.2
987,0.4
988,0.4
989,0.8
990,0
991,0.4
992,0.6
993,0.4
994,0.4
995,0.2
996,0.2
997,0.4
998,0.4
999,0
1000,0.6
1001,1
1002,0
1003,0.8
1004,0.2
1005,1
1006,0.2
1007,0.8
1008,1
1009,1
1010,0.6
1011,1
1012,0.2
1013,0.4
1014,0.6
1015,0.2
1016,0.8
1017,0.2
1018,0
1019,1
1020,0
1021,0.4
1022,0.8
1023,1
1024,0.4
1025,1
1026,0.8
1027,0.4
1028,0
1029,0.2
1030,0.8
1031,1
1032,0.4
1033,1
1034,0.6
1035,0.8
1036,0.6
1037,0.8
1038,0.6
1039,0
1040,0.4
1041,0.2
1042,1
1043,1
1044,0.2
1045,1
1046,0.8
1047,0.2
1048,0.4
1049,0.6
1050,0.4
1051,0.4
1052,0.6
1053,0.2
1054,0.2
1055,0
1056,0.6
1057,0.4
1058,1
1059,0
1060,1
1061,0.6
1062,0.4
1063,0.6
1064,0.4
1065,0.2
1066,0.8
1067,1
1068,0.8
1069,0.8
1070,0.4
1071,0.8
1072,0.4
1073,0.4
1074,0.4
1075,0.2
1076,0.4
1077,0.8
1078,0.4
1079,0
1080,0
1081,1
1082,0.6
1083,0.6
1084,0.2
1085,0.2
1086,0.4
1087,0.6
1088,0.4
1089,0.6
1090,0.8
1091,0.4
1092,0.6
1093,0.4
1094,1
1095,0
1096,0.6
1097,0.6
1098,1
1099,0.8
1100,1
1101,0
1102,0.6
1103,0.6
1104,1
1105,1
1106,0.6
1107,0.6
1108,0
1109,0
1110,0.6
1111,0
1112,0.6
1113,0
1114,0.6
1115,0.4
1116,1
1117,0.2
1118,1
1119,0.2
1120,0
1121,0.2
1122,0.4
1123,0
1124,0.8
1125,0.6
1126,0.4
1127,0.8
1128,0
1129,0.2
1130,0.4
1131,0.8
1132,1
1133,0
1134,0.6
1135,0.4
1136,0.4
1137,0.8
1138,0.8
1139,0.6
1140,0.2
1141,1
1142,0.4
1143,0.2
1144,0
1145,0.8
1146,0.8
1147,0.4
1148,0.8
1149,0.8
1150,0.6
1151,0.4
1152,0.2
1153,0.6
1154,0.2
1155,0.2
1156,0.8
1157,0.2
1158,0.2
1159,0.6
1160,0.6
1161,0.2
1162,0.4
1163,0.6
1164,0.4
1165,1
1166,0
1167,0.2
1168,0.4
1169,0.6
1170,0.4
1171,0.2
1172,0.2
1173,0.4
1174,0.4
1175,0.6
1176,0.2
1177,0.8
1178,0.2
1179,0.2
1180,1
1181,0.6
1182,0.2
1183,1
1184,0.4
1185,0.6
1186,0.4
1187,0.2
1188,0
1189,0.8
1190,0
1191,0.6
1192,0.4
1193,0.8
1194,0.6
1195,0.4
1196,0.8
1197,0.2
1198,0.8
1199,0.6
1200,0.4
1201,0.4
1202,0
1203,1
1204,1
1205,1
1206,0.4
1207,0.4
1208,0
1209,0.6
1210,0.6
1211,0.2
1212,0.4
1213,0.8
1214,0.6
1215,0.8
1216,0.4
1217,1
1218,0.2
1219,0.6
1220,1
1221,0.4
1222,0.6
1223,0.6
1224,0.6
1225,0.4
1226,0.2
1227,0.6
1228,0
1229,1
1230,1
1231,0.4
1232,1
1233,0.8
1234,0.4
1235,0.2
1236,0.6
1237,0
1238,0.2
1239,0
1240,0.4
1241,0.2
1242,0
1243,0.6
1244,0.4
1245,0.4
1246,0.6
1247,0.4
1248,0.8
1249,1
1250,0.8
1251,0.6
1252,0.2
1253,0.2
1254,0.8
1255,0.4
1256,0.4
1257,1
1258,1
1259,0.8
1260,0
1261,1
1262,0.2
1263,0
1264,0
1265,0.2
1266,0.2
1267,1
1268,0.6
1269,0.4
1270,0.8
1271,0
1272,1
1273,0.8
1274,0.6
1275,0
1276,0
1277,0.8
1278,0.6
1279,0.8
1280,0.8
1281,0.2
1282,0.2
1283,0.6
1284,0.8
1285,0.2
1286,0.8
1287,0.4
1288,1
1289,0.2
1290,0
1291,1
1292,0.6
1293,0.2
1294,0.6
1295,1
1296,1
1297,0
1298,0
1299,0.2
1300,0.8
1301,0
1302,0
1303,0.6
1304,0
1305,1
1306,0.6
1307,0.4
1308,0
1309,0.8
1310,0.2
1311,0.2
1312,0.4
1313,0.4
1314,0.8
1315,0.4
1316,0.8
1317,0.8
1318,0.6
1319,0.8
1320,0.4
1321,0.8
1322,0.2
1323,0
1324,0.6
1325,0
1326,1
1327,0
1328,0.4
1329,0
1330,0.8
1331,0.2
1332,1
1333,0.6
1334,0.8
1335,0.8
1336,0.2
1337,1
1338,0
1339,0.2
1340,0.8
1341,0.2
1342,0.4
1343,1
1344,0.2
1345,1
1346,0.8
1347,0
1348,0
1349,0.8
1350,0.8
1351,0.2
1352,0.4
1353,0.4
1354,0.6
1355,0.4
1356,0.2
1357,0.4
1358,1
1359,0.2
1360,0.6
1361,1
1362,0.8
1363,1
1364,0.8
1365,1
1366,0.2
1367,0.8
1368,0.4
1369,0.6
1370,0.6
1371,0.2
1372,0
1373,1
1374,0.4
1375,0.8
1376,1
1377,0.2
1378,1
1379,0.6
1380,0.4
1381,0.6
1382,0.4
1383,1
1384,0.2
1385,0.4
1386,0.4
1387,0.4
1388,0.4
1389,1
1390,0.6
1391,0
1392,0.8
1393,0.4
1394,0.2
1395,0.2
1396,0.2
1397,0.4
1398,0.2
1399,1
1400,0
1401,0.4
1402,0.2
1403,0.6
1404,0.2
1405,0.6
1406,0.6
1407,0.8
1408,0.4
1409,0
1410,0.6
1411,0.4
1412,0.2
1413,0
1414,0
1415,0.6
1416,0.8
1417,0.8
1418,0.4
1419,0.6
1420,0.4
1421,0.2
1422,0.2
1423,0
1424,0.4
1425,0.8
1426,1
1427,1
1428,0
1429,1
1430,0.2
1431,1
1432,1
1433,0
1434,0.2
1435,1
1436,0.6
1437,0
1438,0.4
1439,1
1440,0.6
1441,1
1442,0.8
1443,1
1444,0.4
1445,1
1446,1
1447,0.6
1448,0.2
1449,0
1450,0
1451,0
1452,0.6
1453,0.8
1454,0.2
1455,0.2
1456,1
1457,0.8
1458,0.2
1459,0.6
1460,0.4
1461,0.8
1462,0.6
1463,0.4
1464,0.4
1465,0
1466,0.8
1467,0.2
1468,1
1469,1
1470,0.6
1471,0.8
1472,0.8
1473,0.6
1474,0
1475,1
1476,0.6
1477,0
1478,0.4
1479,1
1480,0.8
1481,0.8
1482,0.8
1483,0.2
1484,1
1485,0.8
1486,0
1487,0.8
1488,0
1489,0.6
1490,1
1491,0.4
1492,0.2
1493,0.4
1494,0.6
1495,0.4
1496,0.4
1497,1
1498,0.8
1499,1
1500,0
1501,0.4
1502,0.2
1503,1
1504,1
1505,0.4
1506,0.4
1507,0.4
1508,1
1509,0.4
1510,1
1511,0.2
1512,0.8
1513,1
1514,0.8
1515,0.6
1516,0.4
1517,0.8
1518,0.4
1519,0.4
1520,1
1521,0
1522,0.6
1523,0.8
1524,1
1525,0.6
1526,0.8
1527,0.4
1528,0.8
1529,1
1530,0.6
1531,0.6
1532,0.2
1533,0.4
1534,0.4
1535,1
1536,0.4
1537,0.2
1538,0.6
1539,1
1540,0.2
1541,0.6
1542,0
1543,0
1544,0.8
1545,1
1546,0.4
1547,0.6
1548,0.2
1549,0.8
1550,0
1551,0.6
1552,0.2
1553,1
1554,0.6
1555,0.4
1556,0
1557,0
1558,1
1559,0.8
1560,0.2
1561,0
1562,0
1563,0.2
1564,0.6
1565,0.6
1566,0
1567,1
1568,0.8
1569,0
1570,1
1571,0.8
1572,0
1573,0.6
1574,0.6
1575,0.8
1576,0.6
1577,0
1578,0.2
1579,0
1580,0.4
1581,0.8
1582,1
1583,1
1584,0
1585,0.2
1586,0.2
1587,1
1588,0.6
1589,1
1590,0.8
1591,0.8
1592,0.8
1593,0.6
1594,0.4
1595,0.6
1596,0.4
1597,0.2
1598,1
1599,0.4
1600,0.2
1601,0
1602,0.8
1603,1
1604,1
1605,0.2
1606,0.4
1607,1
1608,0.4
1609,0
1610,0.8
1611,0.6
1612,1
1613,0
1614,1
1615,0.2
1616,0.4
1617,1
1618,0.6
1619,0.4
1620,0
1621,0.8
1622,0
1623,0.4
1624,0.8
1625,0.4
1626,1
1627,0.8
1628,1
1629,0.2
1630,0.4
1631,0.8
1632,0.4
1633,0.2
1634,0.4
1635,1
1636,0.4
1637,0.2
1638,0.8
1639,0.4
1640,0.6
1641,1
1642,1
1643,0.2
1644,0.2
1645,0.6
1646,1
1647,1
1648,1
1649,0.6
1650,0.4
1651,0.2
1652,0.8
1653,0.4
1654,0.8
1655,1
1656,0.4
1657,0.2
1658,1
1659,0
1660,0.2
1661,0.4
1662,1
1663,0
1664,1
1665,1
1666,0.4
1667,0.4
1668,0
1669,0.6
1670,0.4
1671,1
1672,0.8
1673,0.8
1674,0.2
1675,1
1676,0.6
1677,0
1678,0.2
1679,0.4
1680,0.2
1681,0.4
1682,0.4
1683,0.6
1684,0.8
1685,0.2
1686,0.8
1687,0.2
1688,0
1689,0.4
1690,0.2
1691,0.6
1692,0.6
1693,0.4
1694,0.6
1695,0.8
1696,0.8
1697,0.4
1698,0.8
1699,0.4
1700,0.8
1701,0.8
1702,1
1703,0.2
1704,1
1705,0.2
1706,0.6
1707,0.2
1708,0.2
1709,0.2
1710,0.4
1711,0.4
1712,0.8
1713,0.8
1714,0.8
1715,0.2
1716,0.8
1717,1
1718,1
1719,1
1720,1
1721,0.4
1722,0
1723,0.4
1724,0
1725,0.2
1726,0.6
1727,0
1728,0.4
1729,0.4
1730,0
1731,0.2
1732,0.2
1733,0
1734,0.2
1735,1
1736,0.8
1737,0.6
1738,0.6
1739,0.2
1740,0.6
1741,0.4
1742,0.6
1743,0.4
1744,0.8
1745,1
1746,0.8
1747,1
1748,0.6
1749,0.8
1750,0.2
1751,0.4
1752,0.8
1753,1
1754,0.6
1755,0.2
1756,0.8
1757,0.6
1758,0.8
1759,0.4
1760,0.6
1761,0.6
1762,0.6
1763,0
1764,0.2
1765,0.2
1766,1
1767,0
1768,1
1769,0.6
1770,0.2
1771,0.4
1772,0.6
1773,0.4
1774,0.6
1775,1
1776,0.2
1777,0.2
1778,0.6
1779,0.4
1780,0
1781,0.4
1782,0.6
1783,1
1784,0
1785,0
1786,0.4
1787,0.2
1788,0.8
1789,0.6
1790,0.4
1791,0.2
1792,0
1793,0.8
1794,0.2
1795,1
1796,1
1797,0.8
1798,0.2
1799,0
1800,0.8
1801,0
1802,0.6
1803,1
1804,1
1805,1
1806,0.8
1807,0.8
1808,1
1809,1
1810,0
1811,0.2
1812,1
1813,0.4
1814,0.6
1815,0
1816,0.2
1817,0
1818,0.4
1819,0.4
1820,1
1821,0.6
1822,0.4
1823,0.2
1824,0.8
1825,0.6
1826,1
1827,0.6
1828,0.4
1829,0.2
1830,0.6
1831,0
1832,0
1833,0.8
1834,0
1835,0.4
1836,0.2
1837,0.6
1838,0.4
1839,0.2
1840,0.8
1841,0.8
1842,0
1843,1
1844,0
1845,0.4
1846,0
1847,0.4
1848,0.4
1849,0
1850,0.8
1851,0.4
1852,0.6
1853,0.4
1854,0.4
1855,0.4
1856,0.4
1857,0
1858,0.6
1859,0.2
1860,0.8
1861,0.8
1862,0.6
1863,0.4
1864,0.6
1865,1
1866,0.2
1867,0.6
1868,0
1869,0.8
1870,0.6
1871,0.8
1872,0.2
1873,0.4
1874,0.2
1875,1
1876,0.2
1877,0.6
1878,0
1879,0.2
1880,0.6
1881,0.8
1882,0.2
1883,0.6
1884,0.6
1885,0
1886,0.8
1887,0.4
1888,0.6
1889,0.8
1890,0.2
1891,0.2
1892,0.2
1893,0.2
1894,0.4
1895,0.2
1896,0.00E+00
1897,2.00E-01
1898,1
1899,0.6
1900,0.4
1901,0.2
1902,0.6
1903,0.6
1904,0
1905,0
1906,0.6
1907,0.8
1908,0.6
1909,0.8
1910,0
1911,0.4
1912,0.4
1913,0.2
1914,0.4
1915,0.2
1916,0.8
1917,0.4
1918,0.6
1919,0.2
1920,0.2
1921,1
1922,0.8
1923,0
1924,0.6
1925,0.2
1926,0.2
1927,0.2
1928,1
1929,0.6
1930,1
1931,0
1932,1
1933,1
1934,0.4
1935,0.4
1936,1
1937,0.8
1938,0.6
1939,0.8
1940,0.8
1941,1
1942,0
1943,0.4
1944,0.4
1945,0.8
1946,1
1947,1
1948,1
1949,0.2
1950,0.4
1951,0.6
1952,0.2
1953,0.2
1954,0.4
1955,1
1956,1
1957,0.4
1958,1
1959,0.8
1960,0.8
1961,0
1962,0.2
1963,0.6
1964,1
1965,0
1966,0
1967,0.8
1968,0
1969,0.8
1970,0.8
1971,0.6
1972,0.6
1973,0.6
1974,4.00E-01
1975,2.00E-01
1976,0
1977,0.8
1978,0.4
1979,1
1980,0.4
1981,0.4
1982,0.2
1983,0.4
1984,1
1985,0.8
1986,0
1987,1
1988,1
1989,0.4
1990,0.6
1991,0.8
1992,0.2
1993,0.2
1994,0.6
1995,0.4
1996,0.8
1997,0.6
1998,1
1999,0
2000,0.4
2001,0
2002,0.6
2003,1
2004,0.2
2005,0.8
2006,0.2
2007,0.4
2008,0
2009,0.4
2010,0.8
2011,0.8
2012,0
2013,0
2014,0.6
2015,0.4
2016,0.2
2017,0.8
2018,1
2019,1
2020,0.2
2021,0.2
2022,1
2023,0.4
2024,0.6
2025,0
2026,0.8
2027,0.8
2028,0.4
2029,0.6
2030,0.8
2031,0.2
2032,0.6
2033,1
2034,0.8
2035,1
2036,0
2037,0.2
2038,0.8
2039,0
2040,0
2041,0.8
2042,0.8
2043,0.2
2044,0.2
2045,0.6
2046,0.8
2047,1
2048,1
2049,1
2050,0.6
2051,1
2052,1
2053,0
2054,1
2055,0.2
2056,0.6
2057,0.4
2058,0.8
2059,0.4
2060,0.8
2061,0.4
2062,0.4
2063,0.4
2064,0.8
2065,0.4
2066,0.8
2067,0.4
2068,0.6
2069,0.8
2070,0.8
2071,0.4
2072,0.4
2073,0.8
2074,0.6
2075,0
2076,0
2077,0.6
2078,0
2079,1
2080,1
2081,0.6
2082,0.2
2083,1
2084,0.4
2085,0.6
2086,0.8
2087,0.6
2088,0.6
2089,0.2
2090,0.2
2091,1
2092,0.4
2093,0
2094,0.6
2095,0.4
2096,0.6
2097,0.4
2098,0.8
2099,0.8
2100,0.8
2101,0.4
2102,0.8
2103,0.6
2104,1
2105,1
2106,1
2107,0
2108,0.4
2109,1
2110,0.6
2111,0.6
2112,0.4
2113,0.6
2114,0.2
2115,0.6
2116,0.2
2117,0.6
2118,0.2
2119,0.8
2120,0
2121,0.2
2122,0.4
2123,0.4
2124,0.8
2125,0.6
2126,0
2127,0.6
2128,1
2129,0.8
2130,0.2
2131,0
2132,0
2133,0.2
2134,0.6
2135,1
2136,0.2
2137,0.2
2138,0.4
2139,0.4
2140,0.6
2141,1
2142,0
2143,0
2144,0
2145,1
2146,0.2
2147,0.4
2148,0.8
2149,0.6
2150,0.6
2151,0.6
2152,0.4
2153,0.4
2154,0.4
2155,0.6
2156,0
2157,0.2
2158,0.2
2159,0.6
2160,0.2
2161,0.8
2162,0
2163,0
2164,0
2165,0.8
2166,1
2167,0.8
2168,0.6
2169,1
2170,1
2171,0
2172,1
2173,0.6
2174,1
2175,0.6
2176,0
2177,0.6
2178,1
2179,0.8
2180,0.8
2181,0.2
2182,0.2
2183,0.2
2184,0.2
2185,0.2
2186,1
2187,0.8
2188,0
2189,0.4
2190,0
2191,0
2192,0.6
2193,1
2194,0.6
2195,0.2
2196,0
2197,1
2198,0
2199,0.2
2200,0.8
2201,0.6
2202,0.4
2203,0.8
2204,1
2205,0.6
2206,1
2207,0.6
2208,0.4
2209,0.2
2210,1
2211,0.2
2212,0.8
2213,0.2
2214,0.8
2215,0.8
2216,0.4
2217,1
2218,0
2219,0.2
2220,1
2221,0.6
2222,0.6
2223,0.6
2224,0.8
2225,0.2
2226,0.6
2227,0.2
2228,0
2229,0.6
2230,0.4
2231,0.8
2232,0.4
2233,0.4
2234,0.8
2235,0.2
2236,0.4
2237,0.6
2238,0.2
2239,1
2240,1
2241,1
2242,1
2243,1
2244,0.2
2245,0
2246,1
2247,1
2248,0.8
2249,0
2250,1
2251,1
2252,0.4
2253,0.2
2254,0.4
2255,0.8
2256,1
2257,0
2258,0.6
2259,0.4
2260,1
2261,0.2
2262,0.6
2263,0.8
2264,0.6
2265,0
2266,0
2267,0
2268,1
2269,0.8
2270,0.2
2271,0
2272,0.4
2273,0.2
2274,1
2275,1
2276,0.6
2277,0.2
2278,0.4
2279,0.4
2280,1
2281,0.2
2282,0.6
2283,0.8
2284,0.4
2285,0.6
2286,0.2
2287,0.6
2288,0.2
2289,0.2
2290,0.2
2291,0
2292,1
2293,0.6
2294,0.6
2295,8.00E-01
2296,0.00E+00
2297,0.4
2298,0.6
2299,0.4
2300,0.4
2301,0.4
2302,1
2303,0.8
2304,0
2305,0.8
2306,0.6
2307,0.4
2308,0.8
2309,0.6
2310,0.2
2311,0.2
2312,0.4
2313,0.4
2314,0.4
2315,0.2
2316,1
2317,0.4
2318,1
2319,0.4
2320,0
2321,0.8
2322,0.4
2323,0.8
2324,0.2
2325,0.2
2326,0.8
2327,0.6
2328,0.6
2329,0
2330,0.8
2331,0.6
2332,0
2333,0.8
2334,1
2335,1
2336,0.8
2337,1
2338,1
2339,0
2340,0.4
2341,0.8
2342,0.8
2343,0.6
2344,1
2345,0.4
2346,0.2
2347,0.2
2348,0.4
2349,1
2350,1
2351,0.4
2352,0.2
2353,0
2354,1
2355,0.8
2356,1
2357,0.4
2358,1
2359,0.4
2360,0.6
2361,0.6
2362,1
2363,0.6
2364,0.4
2365,0.4
2366,0
2367,0.4
2368,0.8
2369,0.8
2370,0
2371,1
2372,1
2373,0.2
2374,0
2375,0.6
2376,1
2377,0.8
2378,0.6
2379,1
2380,0
2381,0.6
2382,0.6
2383,0
2384,0.4
2385,0.4
2386,1
2387,1
2388,0.8
2389,0.8
2390,0.6
2391,0.6
2392,0.4
2393,0.6
2394,0.8
2395,0.2
2396,0
2397,0.2
2398,0.4
2399,0.2
2400,0.6
2401,0.4
2402,0.8
2403,0
2404,0.8
2405,0.4
2406,0.6
2407,0.4
2408,0
2409,0.8
2410,0.6
2411,0.8
2412,0.2
2413,0.2
2414,0.2
2415,0.6
2416,0
2417,1
2418,1
2419,0
2420,0.2
2421,0.4
2422,0.2
2423,0
2424,0
2425,0.4
2426,0.4
2427,1
2428,0.4
2429,0.8
2430,0.6
2431,0.4
2432,0.2
2433,0.4
2434,1
2435,1
2436,1
2437,0.6
2438,0
2439,0.6
2440,0.4
2441,0.8
2442,1
2443,0.4
2444,1
2445,0.6
2446,0.4
2447,0
2448,0.4
2449,0.4
2450,0
2451,0
2452,0.6
2453,0.8
2454,0.6
2455,0.2
2456,0.6
2457,0.4
2458,0
2459,1
2460,1
2461,0.8
2462,0.6
2463,0.8
2464,0.2
2465,1
2466,0.6
2467,0.2
2468,1
2469,0.4
2470,0.4
2471,0.6
2472,0.4
2473,1
2474,0.4
2475,0.2
2476,1
2477,1
2478,0.4
2479,0
2480,0.8
2481,0.4
2482,0.4
2483,0.4
2484,0.8
2485,0.4
2486,0.2
2487,1
2488,0.2
2489,0.6
2490,1
2491,0.4
2492,0.8
2493,0.8
2494,0.6
2495,0
2496,6.00E-01
2497,8.00E-01
2498,0.6
2499,0.6
2500,0.2
2501,0
2502,0.6
2503,0
2504,0.8
2505,0
2506,0.4
2507,0
2508,0.2
2509,0.4
2510,1
2511,0
2512,1
2513,0.6
2514,0.4
2515,0.6
2516,0
2517,0.4
2518,1
2519,0
2520,1
2521,1
2522,0.4
2523,0.6
2524,0.4
2525,0.8
2526,0.2
2527,0
2528,0.6
2529,0.2
2530,0.6
2531,0.8
2532,0.4
2533,0
2534,1
2535,0.8
2536,0.4
2537,0.6
2538,0.6
2539,1
2540,0.6
2541,0.4
2542,0.2
2543,0.4
2544,0
2545,0
2546,0.2
2547,0.6
2548,1
2549,1
2550,0.2
2551,0.2
2552,1
2553,0.6
2554,1
2555,0.2
2556,1
2557,0.6
2558,0.8
2559,0
2560,1
2561,0
2562,0.4
2563,0.4
2564,0
2565,0.4
2566,0
2567,0.2
2568,0
2569,0.8
2570,1
2571,0.6
2572,0.6
2573,0.8
2574,0
2575,0.6
2576,0
2577,0.6
2578,0
2579,0.6
2580,0.4
2581,0.6
2582,0.2
2583,0
2584,0.6
2585,0.4
2586,0.2
2587,0
2588,1
2589,0.4
2590,0.8
2591,1
2592,1
2593,0
2594,0
2595,0.4
2596,1
2597,0.4
2598,0.4
2599,0
2600,1
2601,0.8
2602,0.4
2603,0.2
2604,0.8
2605,0.8
2606,0.2
2607,0
2608,0
2609,0.6
2610,0.8
2611,0.8
2612,1
2613,0.2
2614,0.6
2615,0.2
2616,0.2
2617,0.4
2618,0.4
2619,1
2620,0.4
2621,0
2622,0.8
2623,0.4
2624,0.2
2625,0.2
2626,0
2627,1
2628,0.4
2629,0.6
2630,0.6
2631,1
2632,0.8
2633,0.8
2634,0.4
2635,0.8
2636,1
2637,0.2
2638,0.6
2639,0
2640,0.8
2641,0.6
2642,0.2
2643,0.4
2644,0.6
2645,0.6
2646,1
2647,0.2
2648,0
2649,0.2
2650,0.2
2651,0.8
2652,0.8
2653,1
2654,0.2
2655,0.6
2656,0.8
2657,1
2658,1
2659,0.2
2660,0.6
2661,0.6
2662,0.2
2663,0
2664,0.2
2665,0.6
2666,0.6
2667,0.8
2668,0.2
2669,0
2670,0.2
2671,1
2672,0.4
2673,0.2
2674,0.4
2675,0.8
2676,0.4
2677,0.2
2678,0.2
2679,0.2
2680,0.4
2681,0.4
2682,0
2683,0.6
2684,0.8
2685,0.4
2686,0
2687,0.2
2688,0.8
2689,0
2690,0.4
2691,0.8
2692,1
2693,0.8
2694,0
2695,0.6
2696,1
2697,0.2
2698,0.8
2699,1
2700,1
2701,0.8
2702,0
2703,1
2704,1
2705,0.8
2706,0.4
2707,0.4
2708,1
2709,0
2710,0.2
2711,0.4
2712,0.2
2713,0.8
2714,0.4
2715,0.2
2716,0
2717,0.4
2718,0.8
2719,0.2
2720,0.2
2721,1
2722,0.8
2723,0.6
2724,0.2
2725,0.2
2726,1
2727,0.8
2728,1
2729,0.2
2730,0.4
2731,0.6
2732,1
2733,0.6
2734,0.2
2735,0.2
2736,0.6
2737,1
2738,0.2
2739,0.2
2740,0.6
2741,0.6
2742,1
2743,0.6
2744,0.8
2745,1
2746,0.2
2747,1
2748,1
2749,0
2750,0.8
2751,0.8
2752,0.6
2753,0.4
2754,0.4
2755,0.2
2756,1
2757,0.4
2758,0.2
2759,1
2760,0
2761,0.4
2762,0.6
2763,1
2764,0.4
2765,0.6
2766,0.2
2767,0.8
2768,0.8
2769,0.8
2770,0.4
2771,0.6
2772,0.2
2773,0.8
2774,0
2775,1
2776,0
2777,0.4
2778,0.2
2779,0.6
2780,0.4
2781,0.6
2782,0.6
2783,0.6
2784,0
2785,1
2786,0.8
2787,0
2788,0.4
2789,0.6
2790,1
2791,0
2792,0.4
2793,0.8
2794,0.6
2795,0
2796,0.2
2797,0.2
2798,0.4
2799,0.8
2800,0.6
2801,0.6
2802,0.8
2803,0.4
2804,1
2805,0.8
2806,0.6
2807,0.8
2808,0.2
2809,0.4
2810,0.6
2811,0
2812,0
2813,0.8
2814,0.8
2815,1
2816,1
2817,0.4
2818,0.8
2819,0.4
2820,0.6
2821,0.8
2822,0.4
2823,0.8
2824,0.6
2825,0.8
2826,0.2
2827,0
2828,0.2
2829,0
2830,0.2
2831,0.2
2832,1
2833,0.2
2834,0.4
2835,0.6
2836,0.8
2837,1
2838,0
2839,0.2
2840,0.8
2841,0.4
2842,0
2843,0.4
2844,0
2845,0.6
2846,0.8
2847,0.2
2848,0.2
2849,1
2850,0.6
2851,1
2852,0.8
2853,0.6
2854,1
2855,0.4
2856,1
2857,0.6
2858,1
2859,0
2860,0.2
2861,0.2
2862,0.8
2863,0
2864,0.4
2865,0.8
2866,1
2867,1
2868,0.6
2869,0.2
2870,0
2871,1
2872,0.4
2873,0
2874,0.2
2875,1
2876,0
2877,0.8
2878,0.4
2879,1
2880,0.8
2881,0.8
2882,0.6
2883,0.4
2884,0.6
2885,0.2
2886,0.6
2887,0.2
2888,0
2889,0.4
2890,0.8
2891,0.8
2892,0
2893,0.8
2894,0
2895,0
2896,0
2897,0.6
2898,0.2
2899,0.4
2900,1
2901,0
2902,1
2903,0.8
2904,0.4
2905,0.2
2906,0.6
2907,1
2908,0.6
2909,1
2910,0.6
2911,0.4
2912,0.2
2913,0.4
2914,0.6
2915,0.2
2916,0.6
2917,0.6
2918,0.2
2919,0.8
2920,1
2921,0.6
2922,0.6
2923,0.6
2924,1
2925,0.6
2926,0.6
2927,0.6
2928,0.8
2929,0.2
2930,0
2931,0.8
2932,0.2
2933,1
2934,1
2935,0.8
2936,0.4
2937,0.4
2938,0.4
2939,0.4
2940,1
2941,0.6
2942,0.2
2943,0.2
2944,0
2945,0.6
2946,0
2947,0.2
2948,0.6
2949,1
2950,0.2
2951,0.8
2952,1
2953,0.2
2954,0.4
2955,0.6
2956,0.2
2957,0.4
2958,0.4
2959,0.4
2960,0.8
2961,0.6
2962,0.6
2963,0
2964,1
2965,0.8
2966,0
2967,0.2
2968,0.2
2969,0.2
2970,0.6
2971,0.4
2972,0.8
2973,0.4
2974,0.8
2975,0.2
2976,0.6
2977,0.6
2978,0.6
2979,1
2980,0.4
2981,1
2982,0.2
2983,0.2
2984,0.6
2985,1
2986,0.2
2987,0.8
2988,0.2
2989,0.4
2990,1
2991,0.6
2992,0.2
2993,0
2994,0.4
2995,0.4
2996,1
2997,1
2998,0.6
2999,2.00E-01
3000,6.00E-01
3001,6.00E-01
3002,0.4
3003,0.6
3004,0.2
3005,0.6
3006,0.6
3007,0.2
3008,0.8
3009,0.8
3010,0.4
3011,1
3012,1
3013,0.4
3014,0.8
3015,0.4
3016,0
3017,0.8
3018,1
3019,0.4
3020,0.6
3021,0
3022,0.8
3023,1
3024,1
3025,0.2
3026,1
3027,0
3028,1
3029,1
3030,0
3031,0.8
3032,1
3033,0.4
3034,0.4
3035,0.8
3036,1
3037,0.4
3038,0
3039,0.2
3040,0.6
3041,0.2
3042,0.4
3043,0.6
3044,0.4
3045,1
3046,0.8
3047,0.6
3048,1
3049,0.6
3050,1
3051,0.2
3052,1
3053,0.4
3054,1
3055,0.6
3056,0.6
3057,1
3058,1
3059,0.8
3060,0.6
3061,1
3062,0.4
3063,0
3064,0.4
3065,0.6
3066,1
3067,0.8
3068,1
3069,0.4
3070,0
3071,0.6
3072,1
3073,0.4
3074,0.4
3075,0
3076,0.8
3077,0
3078,0.8
3079,1
3080,1
3081,0.4
3082,0.6
3083,0.4
3084,0.6
3085,1
3086,0.2
3087,1
3088,0.2
3089,0.2
3090,1
3091,0
3092,1
3093,0.8
3094,1
3095,0.4
3096,0.6
3097,1
3098,1
3099,0.2
3100,0
3101,0.6
3102,0
3103,0.4
3104,0.4
3105,1
3106,0
3107,0
3108,0
3109,0.4
3110,0.8
3111,1
3112,0.4
3113,0.6
3114,0.4
3115,0.2
3116,0.4
3117,0.2
3118,0.6
3119,1
3120,0.4
3121,0.2
3122,0.8
3123,0.6
3124,0.4
3125,0.2
3126,0
3127,0.6
3128,0.2
3129,0.8
3130,1
3131,0.4
3132,1
3133,0.8
3134,1
3135,0.2
3136,1
3137,0.8
3138,0.4
3139,0.6
3140,0
3141,0.2
3142,0.2
3143,1
3144,0.8
3145,0.4
3146,0.4
3147,1
3148,0
3149,0.6
3150,1
3151,0.6
3152,1
3153,0
3154,0.4
3155,0
3156,0.8
3157,1
3158,0.6
3159,0
3160,0.6
3161,0.6
3162,0.6
3163,0.6
3164,1
3165,0.6
3166,0.2
3167,0.4
3168,0.4
3169,0.2
3170,0.6
3171,0.8
3172,0
3173,0.2
3174,1
3175,0.6
3176,0
3177,0.8
3178,0.8
3179,0
3180,0.2
3181,0.6
3182,1
3183,0.6
3184,0
3185,0.2
3186,0.4
3187,0.8
3188,0.8
3189,0.2
3190,1
3191,0
3192,1
3193,0.8
3194,0.2
3195,0.2
3196,0.8
3197,0.4
3198,0.4
3199,0.4
3200,0.2
3201,1
3202,0.2
3203,0.2
3204,0.4
3205,0.2
3206,0.6
3207,1
3208,0.6
3209,1
3210,0.4
3211,0.6
3212,0.4
3213,0.2
3214,0.8
3215,0
3216,0.6
3217,0.2
3218,0.6
3219,0.2
3220,0.6
3221,0.2
3222,1
3223,0.4
3224,0.6
3225,0
3226,0
3227,0.4
3228,0
3229,0.4
3230,0
3231,0.4
3232,0.6
3233,0.2
3234,0.2
3235,1
3236,0
3237,0.2
3238,0.2
3239,0
3240,0.4
3241,0.4
3242,0.6
3243,0.6
3244,1
3245,0.8
3246,0
3247,1
3248,0.4
3249,0.2
3250,1
3251,1
3252,0
3253,0.4
3254,1
3255,0.4
3256,1
3257,0
3258,0.4
3259,0.2
3260,0.8
3261,0.8
3262,0.8
3263,1
3264,0.8
3265,0.4
3266,0
3267,0.4
3268,1
3269,0.2
3270,0.2
3271,0.2
3272,0.2
3273,0.4
3274,0.8
3275,0.4
3276,0
3277,0.2
3278,0.4
3279,0
3280,1
3281,0.8
3282,0.8
3283,0.6
3284,0.6
3285,1
3286,0.2
3287,0.2
3288,0.4
3289,0.8
3290,0.4
3291,1
3292,0.2
3293,0.6
3294,0.4
3295,0.8
3296,0.2
3297,0.8
3298,0.4
3299,0
3300,0.2
3301,0.4
3302,0
3303,0.6
3304,0.2
3305,0.2
3306,0
3307,0
3308,0.2
3309,0.6
3310,0.8
3311,0
3312,0.8
3313,0.8
3314,0.2
3315,0
3316,0.4
3317,0
3318,0.6
3319,1
3320,0.4
3321,0.4
3322,0.4
3323,0
3324,0.2
3325,0.8
3326,0.8
3327,0.6
3328,0.6
3329,0.6
3330,0.6
3331,0.4
3332,0
3333,0.8
3334,0.8
3335,1
3336,1
3337,0
3338,0.2
3339,0.6
3340,0.4
3341,0
3342,0.4
3343,0.4
3344,1
3345,0.2
3346,0
3347,0.2
3348,0.4
3349,1
3350,0.8
3351,0.6
3352,0.8
3353,1
3354,0.6
3355,0
3356,1
3357,0.8
3358,0.6
3359,1
3360,0.4
3361,0
3362,0.8
3363,0.8
3364,0
3365,0.6
3366,0.4
3367,0.4
3368,0.6
3369,0.4
3370,0.8
3371,0.8
3372,0.2
3373,1
3374,0
3375,1
3376,0.2
3377,0.6
3378,0.4
3379,0.8
3380,0.2
3381,0.4
3382,0
3383,0.2
3384,0.6
3385,0.2
3386,0.6
3387,0.6
3388,0.4
3389,0.8
3390,0.6
3391,0.8
3392,0.2
3393,1
3394,0.8
3395,0.2
3396,1
3397,0.6
3398,0.6
3399,0.4
3400,0
3401,0
3402,0.2
3403,0
3404,0.6
3405,0.8
3406,0.2
3407,0.6
3408,0.6
3409,0.6
3410,1
3411,1
3412,0.6
3413,1
3414,1
3415,0.4
3416,0.8
3417,0.8
3418,0
3419,0.8
3420,0
3421,0.6
3422,0.4
3423,1
3424,0.8
3425,0.2
3426,0.4
3427,0.8
3428,1
3429,0.8
3430,0.4
3431,0.8
3432,0.6
3433,1
3434,0.6
3435,0.6
3436,0
3437,0.8
3438,0.2
3439,0.6
3440,0.2
3441,0.8
3442,0
3443,0
3444,0.4
3445,0.6
3446,0.8
3447,0.6
3448,0.2
3449,1
3450,1
3451,0.6
3452,0.6
3453,0.2
3454,0.2
3455,0.2
3456,0.2
3457,0.4
3458,1
3459,0.6
3460,0.4
3461,0.6
3462,0.4
3463,0.2
3464,0.8
3465,0
3466,0.4
3467,0.6
3468,0
3469,0.2
3470,0.2
3471,0
3472,0.6
3473,0.4
3474,0.8
3475,0.8
3476,0.6
3477,0.4
3478,0.4
3479,0.2
3480,0.2
3481,0
3482,0.2
3483,1
3484,0.8
3485,0
3486,1
3487,0.2
3488,0
3489,0.2
3490,1
3491,0.4
3492,0.8
3493,0.6
3494,0
3495,0
3496,0.4
3497,0.8
3498,0.8
3499,0
3500,0.4
3501,0.4
3502,0.6
3503,0
3504,0.4
3505,0.6
3506,0.8
3507,0.4
3508,0
3509,0.8
3510,0.8
3511,0.4
3512,1
3513,0
3514,0.2
3515,0.8
3516,0.8
3517,1
3518,1
3519,0.4
3520,0.2
3521,1
3522,1
3523,0.6
3524,0.4
3525,0.4
3526,0
3527,0.2
3528,0.6
3529,0.6
3530,1
3531,0.6
3532,0.4
3533,0
3534,0.6
3535,1
3536,0.8
3537,0.2
3538,0.6
3539,1
3540,0
3541,1
3542,0
3543,0.2
3544,0.6
3545,1
3546,0
3547,1
3548,0.2
3549,0.2
3550,0.6
3551,0
3552,0.6
3553,1
3554,0.4
3555,0.6
3556,1
3557,0.6
3558,0.8
3559,0.4
3560,0.4
3561,0.4
3562,0.2
3563,0.4
3564,0.8
3565,0
3566,0.4
3567,0.2
3568,1
3569,1
3570,0
3571,0.4
3572,0.8
3573,0.6
3574,0.6
3575,0
3576,0
3577,0.4
3578,0.2
3579,0.8
3580,0.6
3581,0.2
3582,0.8
3583,0.6
3584,1
3585,0.6
3586,0
3587,0.8
3588,0.6
3589,0.2
3590,0.4
3591,0.8
3592,0.2
3593,0.2
3594,0.2
3595,0.4
3596,0.2
3597,0.2
3598,0.2
3599,0.4
3600,0.2
3601,8.00E-01
3602,6.00E-01
3603,0.2
3604,0.2
3605,0.8
3606,0.8
3607,0.8
3608,0.2
3609,0.4
3610,1
3611,0.2
3612,0
3613,0.4
3614,0.4
3615,0.8
3616,0.6
3617,0.8
3618,0.2
3619,0.6
3620,0.2
3621,0.2
3622,0
3623,0.4
3624,0.8
3625,1
3626,1
3627,0.4
3628,0
3629,0.4
3630,0
3631,0.4
3632,0.2
3633,0.4
3634,1
3635,0.8
3636,1
3637,0.4
3638,1
3639,0.2
3640,1
3641,0.4
3642,1
3643,0.2
3644,1
3645,0.2
3646,0.6
3647,0.6
3648,1
3649,0.2
3650,0.6
3651,0
3652,1
3653,0.6
3654,0.4
3655,0.4
3656,0.4
3657,1
3658,1
3659,0
3660,0.6
3661,0.2
3662,0.2
3663,0
3664,1
3665,1
3666,0.6
3667,0.4
3668,0
3669,0.2
3670,0.4
3671,0.2
3672,0.8
3673,0.2
3674,0
3675,0.8
3676,1
3677,0
3678,1
3679,0.6
3680,0.8
3681,0.4
3682,0.4
3683,1
3684,0.4
3685,0.2
3686,0.8
3687,1
3688,0.8
3689,0.6
3690,0.2
3691,0
3692,0.8
3693,0.6
3694,1
3695,0.6
3696,0.4
3697,0.2
3698,0.4
3699,1
3700,0.6
3701,1
3702,0.4
3703,0.2
3704,0.6
3705,0.8
3706,0.8
3707,0
3708,0.6
3709,0.6
3710,0
3711,0.8
3712,1
3713,0.4
3714,0.4
3715,1
3716,1
3717,0
3718,0.8
3719,0.8
3720,1
3721,0.4
3722,1
3723,1
3724,0.2
3725,0
3726,0
3727,0.2
3728,0
3729,1
3730,1
3731,0.4
3732,0
3733,0.6
3734,1
3735,0.8
3736,0.4
3737,0.4
3738,0
3739,0.4
3740,0
3741,0.8
3742,0.2
3743,0.4
3744,0.4
3745,1
3746,0.6
3747,0.8
3748,0
3749,0.8
3750,0.4
3751,0
3752,0
3753,0.6
3754,0.4
3755,0.8
3756,0.2
3757,0.2
3758,0.8
3759,0
3760,0.4
3761,0.2
3762,0.2
3763,0.8
3764,0.4
3765,0.2
3766,0.4
3767,0.6
3768,0.6
3769,0
3770,0.4
3771,0.2
3772,0
3773,0.2
3774,0
3775,0.4
3776,1
3777,0.2
3778,0.8
3779,0.4
3780,0.6
3781,1
3782,0.8
3783,0.8
3784,0.6
3785,0
3786,0.2
3787,0.6
3788,0.2
3789,0.8
3790,0
3791,0.8
3792,0.4
3793,0
3794,0
3795,1
3796,0
3797,1
3798,0.6
3799,0
3800,0.4
3801,1
3802,0
3803,0
3804,0.4
3805,1
3806,1
3807,0.6
3808,0.2
3809,0.2
3810,0.8
3811,0.4
3812,0.8
3813,0.2
3814,0
3815,0.6
3816,1
3817,0.6
3818,1
3819,0.2
3820,1
3821,0.4
3822,0.4
3823,0.8
3824,0.8
3825,0.6
3826,0.8
3827,1
3828,0.2
3829,0.8
3830,0.2
3831,1
3832,1
3833,0.2
3834,0.2
3835,0.2
3836,0.6
3837,0
3838,0.6
3839,0
3840,0.2
3841,0
3842,1
3843,0.6
3844,0.4
3845,0.2
3846,0.6
3847,0.4
3848,0.8
3849,0.8
3850,1
3851,0.8
3852,0.8
3853,0.2
3854,0.6
3855,0.6
3856,0.2
3857,0.6
3858,0
3859,0.6
3860,0.4
3861,0
3862,0.8
3863,1
3864,1
3865,0.4
3866,0.4
3867,0.2
3868,1
3869,1
3870,0.8
3871,0.2
3872,1
3873,0.6
3874,0.8
3875,0.4
3876,1
3877,1
3878,0.8
3879,0
3880,0.6
3881,0.8
3882,1
3883,0.2
3884,0.8
3885,0.8
3886,0.4
3887,0.8
3888,0.4
3889,0
3890,0.2
3891,1
3892,0.4
3893,0.6
3894,0
3895,1
3896,1
3897,0.8
3898,0.4
3899,0.8
3900,1
3901,0.8
3902,0.2
3903,0.2
3904,1
3905,0.2
3906,1
3907,0.2
3908,0.2
3909,0.6
3910,0.6
3911,0.8
3912,0.6
3913,0
3914,0.2
3915,1
3916,1
3917,0.8
3918,0
3919,0.2
3920,0
3921,0.2
3922,0.2
3923,1
3924,0.8
3925,0.4
3926,0.8
3927,0.2
3928,0.8
3929,0
3930,0
3931,0.2
3932,0.2
3933,0.6
3934,0.2
3935,0
3936,0
3937,0.2
3938,1
3939,0.4
3940,0.6
3941,0.4
3942,1
3943,0.4
3944,1
3945,0
3946,0.6
3947,1
3948,0.2
3949,0.2
3950,0.8
3951,0.4
3952,0.4
3953,0.2
3954,0.8
3955,0.6
3956,0
3957,1
3958,0.2
3959,0.2
3960,0.6
3961,0.8
3962,0.2
3963,0.4
3964,0.4
3965,0.4
3966,0
3967,0.4
3968,0.6
3969,0.6
3970,0.2
3971,0
3972,0.4
3973,0
3974,0.4
3975,0.8
3976,1
3977,0
3978,0.6
3979,0.4
3980,0.6
3981,0.2
3982,1
3983,0.8
3984,0.4
3985,0.4
3986,0.8
3987,1
3988,0.4
3989,0.2
3990,1
3991,0
3992,1
3993,0.6
3994,0.6
3995,1
3996,0.6
3997,0.6
3998,1
3999,0.4
4000,0
4001,0.2
4002,0
4003,0.2
4004,0.4
4005,0
4006,0.8
4007,0.8
4008,0.8
4009,0.6
4010,0.6
4011,0.2
4012,0
4013,0.6
4014,0.4
4015,0
4016,0.4
4017,0
4018,0.4
4019,0
4020,0.4
4021,0.4
4022,0.8
4023,0
4024,0.6
4025,0.8
4026,0.4
4027,0.6
4028,0.8
4029,0.6
4030,0.6
4031,0.8
4032,0.2
4033,1
4034,0
4035,0.4
4036,0.4
4037,0.6
4038,1
4039,0.6
4040,0.8
4041,0
4042,0
4043,0.6
4044,0.8
4045,1
4046,0.6
4047,1
4048,0.2
4049,0.8
4050,0.4
4051,0.6
4052,0.2
4053,0.2
4054,0.2
4055,0.8
4056,0.4
4057,1
4058,0.2
4059,0.6
4060,0
4061,1
4062,0
4063,0.8
4064,0.6
4065,0.4
4066,0.4
4067,0.2
4068,0.2
4069,1
4070,0.8
4071,0.2
4072,0.8
4073,0.8
4074,0.8
4075,0.4
4076,0.8
4077,0
4078,0.4
4079,1
4080,0.2
4081,0.8
4082,0.2
4083,0.4
4084,0.4
4085,0.2
4086,0.6
4087,0.6
4088,0.8
4089,0.4
4090,1
4091,1
4092,0.4
4093,0.6
4094,1
4095,0.8
4096,0.4
4097,0.4
4098,0.6
4099,0.6
4100,1
4101,0.6
4102,0.6
4103,0.8
4104,0.4
4105,0.4
4106,0.6
4107,0.6
4108,0.4
4109,0.2
4110,0.2
4111,0.8
4112,1
4113,1
4114,0.6
4115,1
4116,0.2
4117,0.2
4118,0.6
4119,0.8
4120,0
4121,0.4
4122,0.2
4123,0.8
4124,1
4125,0.2
4126,0.6
4127,0.2
4128,0.8
4129,0.6
4130,0.8
4131,1
4132,1
4133,0.6
4134,0
4135,0.6
4136,0
4137,0
4138,0.2
4139,0.2
4140,1
4141,0.6
4142,0.2
4143,0
4144,0.2
4145,0
4146,1
4147,0.4
4148,0.6
4149,0
4150,0.6
4151,0.6
4152,0
4153,0.8
4154,0.4
4155,0.6
4156,0.2
4157,0.6
4158,0.4
4159,0.6
4160,0.6
4161,0
4162,0.4
4163,0.6
4164,0.2
4165,0.8
4166,0.6
4167,0.4
4168,0
4169,0
4170,0.8
4171,0.2
4172,0.6
4173,0.4
4174,0.2
4175,0.6
4176,0
4177,0.4
4178,0.8
4179,0
4180,0.4
4181,1
4182,1
4183,0.8
4184,0.2
4185,0.8
4186,0.8
4187,0.4
4188,0.2
4189,0.4
4190,0.4
4191,0.2
4192,0
4193,0.6
4194,0
4195,0.4
4196,0.6
4197,0.2
4198,0.6
4199,1
4200,0.6
4201,0.4
4202,0.2
4203,0.4
4204,0.8
4205,0.8
4206,0.2
4207,0.4
4208,0.6
4209,0.8
4210,0.4
4211,0.6
4212,0.6
4213,0
4214,0.8
4215,0.4
4216,1
4217,0.8
4218,0
4219,1
4220,0.8
4221,0
4222,1
4223,1
4224,1
4225,0.2
4226,0
4227,0.4
4228,0.6
4229,0
4230,1
4231,0.6
4232,0
4233,1
4234,0.8
4235,1
4236,1
4237,0
4238,1
4239,1
4240,0
4241,0.2
4242,0
4243,0.8
4244,0
4245,0.2
4246,1
4247,0.4
4248,0.8
4249,0.4
4250,0
4251,0.8
4252,1
4253,8.00E-01
4254,4.00E-01
4255,0.2
4256,0
4257,0.8
4258,0.6
4259,0.8
4260,0.8
4261,0.4
4262,0.4
4263,0.6
4264,0.2
4265,0.8
4266,0
4267,1
4268,0.8
4269,0.6
4270,0.2
4271,0.8
4272,0.2
4273,0
4274,0
4275,0.4
4276,0
4277,0.6
4278,0.2
4279,0.2
4280,0.4
4281,0.2
4282,0.6
4283,0.4
4284,0.8
4285,1
4286,1
4287,0.8
4288,1
4289,0.2
4290,1
4291,0.2
4292,0.2
4293,0
4294,0.6
4295,0.8
4296,1
4297,0.4
4298,1
4299,1
4300,0.8
4301,1
4302,0.8
4303,1
4304,1
4305,0.8
4306,0.8
4307,1
4308,0.4
4309,0.2
4310,0
4311,0.4
4312,0.6
4313,0
4314,0
4315,0.4
4316,0.8
4317,0.6
4318,0.8
4319,0.2
4320,0.6
4321,0.4
4322,0.2
4323,0
4324,0
4325,0.8
4326,1
4327,0.2
4328,0.8
4329,0.4
4330,0.4
4331,0.2
4332,1
4333,1
4334,0.4
4335,1
4336,0
4337,0.8
4338,0.8
4339,0.4
4340,0
4341,0.6
4342,0.8
4343,0.6
4344,0.6
4345,0.4
4346,0.2
4347,0
4348,0.6
4349,0.4
4350,0.4
4351,1
4352,0.8
4353,0.8
4354,0.2
4355,0.6
4356,0
4357,0.4
4358,0.8
4359,1
4360,0.6
4361,0.4
4362,0
4363,0
4364,0.8
4365,1
4366,0.8
4367,0.4
4368,0.4
4369,0.2
4370,0.4
4371,0.4
4372,0
4373,0.8
4374,0.8
4375,0.4
4376,0.6
4377,0.4
4378,0.6
4379,0.6
4380,0
4381,0.6
4382,0.4
4383,0
4384,0.2
4385,0.4
4386,0.6
4387,1
4388,0.8
4389,1.00E+00
4390,0.00E+00
4391,0.2
4392,0
4393,0.4
4394,0.4
4395,0.8
4396,0.4
4397,0.8
4398,0.6
4399,0.8
4400,1
4401,0.6
4402,0.2
4403,0
4404,1
4405,1
4406,0.2
4407,0.4
4408,0.4
4409,0.4
4410,0.4
4411,0
4412,1
4413,0.8
4414,1
4415,0
4416,0.2
4417,1
4418,0.6
4419,0.6
4420,0.6
4421,1
4422,0.6
4423,0.4
4424,0.2
4425,0.6
4426,1
4427,1
4428,1
4429,0.2
4430,0.4
4431,1
4432,0
4433,0.2
4434,1
4435,0.2
4436,0
4437,0.2
4438,0.8
4439,0.4
4440,1
4441,1
4442,0.2
4443,0
4444,0.4
4445,1
4446,0.2
4447,0.6
4448,0
4449,0.2
4450,1
4451,0.2
4452,0.6
4453,0.4
4454,1
4455,1
4456,0.6
4457,0.8
4458,0.4
4459,0
4460,0.4
4461,0.6
4462,1
4463,0.2
4464,0.4
4465,1
4466,0
4467,0.2
4468,0.4
4469,0.2
4470,0.8
4471,0.2
4472,1
4473,0.6
4474,0
4475,0.4
4476,0.2
4477,0.4
4478,0.4
4479,1
4480,0
4481,0.6
4482,0.2
4483,1
4484,0.2
4485,1
4486,0
4487,0.8
4488,0.4
4489,0.2
4490,0.2
4491,1
4492,0.8
4493,0.2
4494,0.6
4495,0.6
4496,0.2
4497,0
4498,0
4499,0.2
4500,0.8
4501,1
4502,0.4
4503,0.4
4504,0.4
4505,0.4
4506,0.8
4507,6.00E-01
4508,0.00E+00
4509,0.6
4510,1
4511,0.8
4512,0
4513,0.2
4514,1
4515,0.2
4516,0.2
4517,0
4518,0.4
4519,0.4
4520,0.6
4521,0.2
4522,1
4523,0.6
4524,0.4
4525,0.2
4526,0
4527,0.8
4528,0.8
4529,1
4530,1
4531,1
4532,0.2
4533,0.6
4534,0.4
4535,0.4
4536,0.6
4537,0.6
4538,0.6
4539,1
4540,0.2
4541,0.4
4542,0.8
4543,0.4
4544,1
4545,0.6
4546,0
4547,0
4548,0.6
4549,0.2
4550,0.8
4551,0.6
4552,0.2
4553,0
4554,0.2
4555,1
4556,1
4557,0.4
4558,0.6
4559,0.2
4560,0
4561,1
4562,1
4563,0.4
4564,0
4565,0.6
4566,1
4567,0.8
4568,0.2
4569,0
4570,0.6
4571,0.4
4572,0.8
4573,0.4
4574,0.6
4575,0
4576,0.8
4577,0
4578,0.4
4579,0.4
4580,0
4581,0.2
4582,0.6
4583,0.2
4584,0.2
4585,1
4586,0.8
4587,0.6
4588,0.2
4589,0.6
4590,0
4591,0.4
4592,1
4593,0.2
4594,1
4595,1
4596,0.4
4597,0.4
4598,0.6
4599,0.4
4600,6.00E-01
4601,0.00E+00
4602,1
4603,0.2
4604,0
4605,0.6
4606,0.4
4607,0.4
4608,0.6
4609,0.6
4610,8.00E-01
4611,6.00E-01
4612,0
4613,0.8
4614,0.4
4615,0.6
4616,0.2
4617,0.2
4618,0.2
4619,0.8
4620,0.4
4621,0.4
4622,0
4623,1
4624,0.2
4625,0.2
4626,0.2
4627,0.8
4628,0.8
4629,1
4630,0.6
4631,0.4
4632,1
4633,0.6
4634,0.6
4635,0
4636,1
4637,0.2
4638,0.8
4639,0.4
4640,0.2
4641,0.6
4642,1
4643,0.2
4644,0.6
4645,0.4
4646,0.4
4647,1
4648,0.2
4649,0.6
4650,1
4651,0.8
4652,1
4653,0
4654,0
4655,1
4656,0
4657,0.4
4658,1
4659,0
4660,0.8
4661,0.2
4662,0.4
4663,0.8
4664,0.6
4665,0.2
4666,1
4667,1
4668,0.4
4669,0.2
4670,0
4671,0
4672,0.4
4673,1
4674,0.8
4675,0.6
4676,0
4677,1
4678,0.6
4679,0.8
4680,0.8
4681,0.6
4682,0.6
4683,0.4
4684,0
4685,0.2
4686,0
4687,0.6
4688,1
4689,1
4690,0.6
4691,0.2
4692,0.8
4693,0.8
4694,0.4
4695,0
4696,1
4697,0.2
4698,0.2
4699,0.2
4700,0.6
4701,0
4702,0.8
4703,0.8
4704,1
4705,0.6
4706,0.4
4707,1
4708,0.6
4709,0.6
4710,0.8
4711,1
4712,0.8
4713,0.6
4714,0.2
4715,0.2
4716,0.4
4717,0
4718,0.6
4719,0.8
4720,0.8
4721,0
4722,0.8
4723,0.2
4724,0.2
4725,0.8
4726,0.4
4727,0
4728,0.2
4729,0.8
4730,1
4731,0.2
4732,0.8
4733,1
4734,0.4
4735,0.8
4736,0.8
4737,0.2
4738,0.6
4739,0.6
4740,0.6
4741,1
4742,0.2
4743,0
4744,1
4745,0.8
4746,0.6
4747,0.8
4748,0.2
4749,0.4
4750,0.4
4751,0.8
4752,1
4753,0.2
4754,0
4755,1
4756,1
4757,1
4758,1
4759,0.6
4760,0.4
4761,0.8
4762,0.8
4763,0.4
4764,0.2
4765,1
4766,0.2
4767,1
4768,0.4
4769,0.6
4770,1
4771,0.4
4772,1
4773,0
4774,0
4775,0.4
4776,1
4777,0
4778,0.8
4779,0.8
4780,0.6
4781,0.4
4782,0.2
4783,0.4
4784,0.8
4785,0.2
4786,1
4787,0
4788,0
4789,0
4790,0.4
4791,0
4792,1
4793,1
4794,0.8
4795,0.2
4796,0.8
4797,0.4
4798,0.2
4799,0
4800,1
4801,0.6
4802,0
4803,1
4804,1
4805,1
4806,0
4807,0.4
4808,1
4809,0.6
4810,1
4811,0
4812,0
4813,0.2
4814,0.4
4815,0.4
4816,0.4
4817,0.6
4818,0
4819,0.2
4820,0.6
4821,0.4
4822,0.8
4823,0
4824,0.6
4825,0.2
4826,0.4
4827,0.8
4828,0.4
4829,0.6
4830,0.6
4831,1
4832,0.8
4833,0.6
4834,0.4
4835,0.4
4836,0.4
4837,0.4
4838,0
4839,1
4840,0.6
4841,0.4
4842,0.2
4843,0.2
4844,0.4
4845,0.8
4846,0.2
4847,1
4848,0.4
4849,0.6
4850,0.2
4851,0.4
4852,1
4853,0.4
4854,0.6
4855,1
4856,0
4857,0.8
4858,1
4859,0.4
4860,0.6
4861,0.8
4862,1
4863,0.6
4864,1
4865,0.4
4866,0.2
4867,0.4
4868,0.4
4869,1
4870,0.6
4871,1
4872,1
4873,0.2
4874,0.2
4875,0
4876,0.2
4877,0.4
4878,0.4
4879,0.8
4880,0.4
4881,0.8
4882,0.4
4883,0.4
4884,1
4885,0.4
4886,0.2
4887,0.2
4888,0.6
4889,0.4
4890,0.4
4891,0.4
4892,0.4
4893,0.6
4894,0.8
4895,0
4896,0.4
4897,0.4
4898,0.8
4899,0.2
4900,1
4901,0.6
4902,1
4903,1
4904,0.6
4905,0.2
4906,0
4907,0.4
4908,0.8
4909,0.2
4910,1
4911,0
4912,0.8
4913,0.8
4914,0.6
4915,0.8
4916,0.4
4917,0.8
4918,0.2
4919,0.4
4920,0.6
4921,0.8
4922,0.4
4923,1
4924,0
4925,0.2
4926,0.2
4927,0
4928,1
4929,0.8
4930,0.6
4931,0.2
4932,1
4933,1
4934,0.8
4935,1
4936,1
4937,0.4
4938,0.6
4939,0
4940,0.2
4941,0.8
4942,0.8
4943,1
4944,0.4
4945,0.4
4946,0.2
4947,0.6
4948,0.2
4949,1
4950,0.2
4951,0.2
4952,0
4953,0.2
4954,0.8
4955,0.8
4956,0.4
4957,0
4958,0.2
4959,0.6
4960,0.2
4961,1
4962,0
4963,1
4964,0.8
4965,0.6
4966,0
4967,0.4
4968,0.2
4969,0.6
4970,0.8
4971,0.6
4972,0.6
4973,1
4974,0.8
4975,0.2
4976,0.2
4977,0.4
4978,0.6
4979,0.4
4980,0.2
4981,0.2
4982,0.4
4983,1
4984,0
4985,0.2
4986,0
4987,0.4
4988,0.8
4989,0.8
4990,0.6
4991,0.2
4992,0.6
4993,0.2
4994,0.4
4995,0
4996,0.6
4997,0.4
4998,0.6
4999,0.8
5000,0.8
5001,0.8
5002,0.2
5003,1
5004,0.8
5005,1
5006,0.4
5007,0.4
5008,0.6
5009,1
5010,0.4
5011,0.8
5012,0.8
5013,0.6
5014,0.2
5015,0.4
5016,0.4
5017,0.4
5018,0.4
5019,0.8
5020,0
5021,1
5022,0.2
5023,1
5024,0.4
5025,0.8
5026,0.4
5027,0.2
5028,0.8
5029,0.4
5030,0.2
5031,1
5032,0.4
5033,0.4
5034,0.8
5035,0.2
5036,0.2
5037,0.6
5038,0.2
5039,0.2
5040,0.8
5041,0
5042,0.8
5043,0.2
5044,1
5045,0.2
5046,0
5047,0.8
5048,0.6
5049,0.4
5050,0.6
5051,1
5052,0.4
5053,0.8
5054,1
5055,0
5056,0.6
5057,1
5058,1
5059,1
5060,0.8
5061,0.8
5062,0.8
5063,0
5064,0.4
5065,1
5066,0
5067,0.2
5068,0
5069,0.2
5070,0.8
5071,0.2
5072,1
5073,0.4
5074,0.6
5075,0.2
5076,0.2
5077,0.2
5078,0.4
5079,0
5080,0.4
5081,0.2
5082,0.8
5083,0.2
5084,1
5085,0.8
5086,0.4
5087,0.2
5088,0.6
5089,0.6
5090,0.4
5091,0.6
5092,0.4
5093,0.4
5094,0.6
5095,0.8
5096,1
5097,0.2
5098,0.2
5099,0.2
5100,1
5101,0.6
5102,1
5103,1
5104,1
5105,0.8
5106,0.8
5107,0
5108,0.8
5109,0
5110,0.2
5111,0.2
5112,0.4
5113,0.6
5114,1
5115,0.2
5116,1
5117,0.8
5118,1
5119,1
5120,1
5121,0
5122,0.8
5123,0.4
5124,0.4
5125,0.4
5126,1
5127,0.4
5128,0.4
5129,0.4
5130,0.8
5131,0.4
5132,0.2
5133,0.6
5134,0.6
5135,0.6
5136,0.4
5137,0.6
5138,1
5139,1
5140,1
5141,0.8
5142,0.4
5143,1
5144,0.6
5145,0.6
5146,0.2
5147,0.8
5148,0.4
5149,0
5150,0.2
5151,0.2
5152,0.4
5153,0.6
5154,1
5155,0.6
5156,1
5157,0.2
5158,1
5159,0.6
5160,0.8
5161,0.2
5162,0.6
5163,0.4
5164,0.4
5165,0.8
5166,0.6
5167,0
5168,1
5169,0.6
5170,0.6
5171,0.4
5172,0.6
5173,0.6
5174,0.8
5175,0.4
5176,1
5177,0.4
5178,0.4
5179,0.6
5180,0
5181,0.2
5182,0.4
5183,0.6
5184,0.8
5185,0.4
5186,1
5187,0.4
5188,1
5189,1
5190,0
5191,1
5192,0.8
5193,0
5194,1
5195,0.2
5196,1
5197,0.2
5198,1
5199,0.4
5200,0.8
5201,0
5202,0.4
5203,0.4
5204,0.6
5205,0.6
5206,0.8
5207,0.4
5208,0
5209,1
5210,0.8
5211,0.2
5212,0.2
5213,0.6
5214,0.6
5215,0.8
5216,0.6
5217,1
5218,0.4
5219,0
5220,0.2
5221,0
5222,1
5223,0.8
5224,0.2
5225,1
5226,0.4
5227,0.8
5228,1
5229,0.6
5230,1
5231,0
5232,0.8
5233,0.2
5234,0.4
5235,0.4
5236,0.4
5237,1
5238,1
5239,1
5240,0.2
5241,1
5242,0.6
5243,0.6
5244,0
5245,1
5246,0.4
5247,1
5248,0
5249,0.4
5250,0.2
5251,0.6
5252,0
5253,0.4
5254,0.8
5255,0
5256,0.4
5257,0.6
5258,0.8
5259,0
5260,1
5261,0.6
5262,0.4
5263,0.2
5264,0
5265,0.8
5266,0.8
5267,1
5268,0.8
5269,0.8
5270,1
5271,0.4
5272,0.2
5273,0
5274,0
5275,0
5276,1
5277,0.4
5278,0.6
5279,0.4
5280,0
5281,0
5282,0.8
5283,1
5284,0.6
5285,0.8
5286,0.8
5287,0.6
5288,0.4
5289,0.8
5290,0.6
5291,0.8
5292,0.6
5293,0.6
5294,1
5295,1
5296,0.6
5297,0.4
5298,0.4
5299,0.8
5300,0.2
5301,0.6
5302,0.8
5303,0.6
5304,0.8
5305,0
5306,0.2
5307,0.4
5308,1
5309,0
5310,1
5311,0.4
5312,1
5313,0.8
5314,1
5315,0.8
5316,0
5317,0.6
5318,0
5319,1
5320,0.2
5321,0.4
5322,0.6
5323,0.4
5324,0
5325,0
5326,0.4
5327,0.6
5328,0.6
5329,0.2
5330,0.2
5331,0.6
5332,0.4
5333,0.2
5334,0.8
5335,0.2
5336,0
5337,0.2
5338,0.8
5339,0
5340,0
5341,0.4
5342,0.8
5343,0.4
5344,0
5345,0.8
5346,0.2
5347,0.6
5348,0.6
5349,0.2
5350,0
5351,0.4
5352,0.8
5353,1
5354,0.6
5355,0.4
5356,0.6
5357,1
5358,1
5359,0
5360,0.4
5361,0.8
5362,0.2
5363,0.4
5364,0
5365,1
5366,0
5367,0.2
5368,0.2
5369,0.4
5370,0.8
5371,0.6
5372,0.4
5373,0.2
5374,0.8
5375,1
5376,0.6
5377,0.4
5378,0.4
5379,0.8
5380,0.4
5381,0.4
5382,0.8
5383,1
5384,0.2
5385,0.4
5386,1
5387,1
5388,0.6
5389,1
5390,0.2
5391,0.6
5392,0.6
5393,0.2
5394,0.2
5395,0.8
5396,1
5397,1
5398,0.8
5399,0.6
5400,0.6
5401,1
5402,0.6
5403,0
5404,0.4
5405,0.8
5406,0.2
5407,0.4
5408,0
5409,0.8
5410,0.8
5411,0.2
5412,0.4
5413,0.8
5414,0.4
5415,0
5416,0.4
5417,0.4
5418,0.4
5419,1
5420,0
5421,0.8
5422,0.4
5423,0.6
5424,0
5425,0.6
5426,0.8
5427,1
5428,0.6
5429,0.8
5430,1
5431,0.2
5432,1
5433,0.4
5434,0.8
5435,0.8
5436,0.6
5437,0
5438,0
5439,1
5440,0.4
5441,0.8
5442,0.6
5443,1
5444,0.6
5445,0.6
5446,0.2
5447,0
5448,0.4
5449,0.8
5450,0.2
5451,0.4
5452,0.2
5453,1
5454,0.6
5455,0.6
5456,0.2
5457,0.2
5458,0
5459,0.8
5460,0.4
5461,0
5462,0.2
5463,0
5464,0.2
5465,0.2
5466,0.2
5467,0.2
5468,1
5469,0.8
5470,0.6
5471,0.6
5472,0.8
5473,0.6
5474,0
5475,0
5476,1
5477,0
5478,0.4
5479,1
5480,0.6
5481,1
5482,1
5483,0.2
5484,0.8
5485,0.8
5486,1
5487,1
5488,0.8
5489,0.6
5490,0.4
5491,0
5492,0
5493,0.8
5494,0.2
5495,0.8
5496,1
5497,1
5498,0
5499,0.6
5500,0.4
5501,1
5502,0.6
5503,0.8
5504,0.4
5505,0
5506,1
5507,1
5508,0.2
5509,0
5510,0
5511,0.2
5512,0.6
5513,0.4
5514,0.6
5515,0.6
5516,0
5517,0.6
5518,0
5519,0.8
5520,0
5521,0.4
5522,0.6
5523,1
5524,0.6
5525,0.6
5526,0
5527,0.4
5528,0.4
5529,0.4
5530,0.4
5531,0.8
5532,0.2
5533,1
5534,0
5535,0.2
5536,0.4
5537,0.6
5538,0.6
5539,0.8
5540,0.8
5541,0.4
5542,0.4
5543,0.2
5544,0.4
5545,0
5546,0.8
5547,0.6
5548,0
5549,0.2
5550,0.2
5551,0.4
5552,0.6
5553,0.4
5554,0.8
5555,1
5556,0.8
5557,0.2
5558,0.6
5559,0.2
5560,0.4
5561,0.2
5562,0.6
5563,1
5564,0.8
5565,0.6
5566,0.6
5567,0.6
5568,0.8
5569,1
5570,0.4
5571,0.4
5572,1
5573,1
5574,1
5575,0.8
5576,0.2
5577,1
5578,0
5579,0.4
5580,0.8
5581,1
5582,0.6
5583,0.2
5584,0.4
5585,1
5586,0.4
5587,1
5588,0
5589,0.2
5590,0.6
5591,0.6
5592,1
5593,0
5594,0.6
5595,1
5596,1
5597,0
5598,0
5599,0.8
5600,0.2
5601,0.4
5602,0.4
5603,0.4
5604,0.4
5605,1
5606,0.8
5607,0.8
5608,0.8
5609,0.4
5610,0.2
5611,0.4
5612,0.4
5613,0.8
5614,0
5615,0.2
5616,0.2
5617,0
5618,1
5619,0.6
5620,0.4
5621,0.4
5622,1
5623,0.8
5624,0
5625,0.4
5626,0.8
5627,0.6
5628,0.6
5629,0.4
5630,0.6
5631,1
5632,1
5633,0.2
5634,0.6
5635,0.4
5636,0.6
5637,0
5638,0.6
5639,0.4
5640,0.2
5641,0.6
5642,0.6
5643,0.4
5644,0.4
5645,0.4
5646,0.4
5647,0.8
5648,0.2
5649,0.8
5650,0.2
5651,0.8
5652,0.6
5653,0.6
5654,0.2
5655,0
5656,1
5657,0.6
5658,1
5659,1
5660,0.8
5661,0.4
5662,0.6
5663,0.2
5664,0.2
5665,0.6
5666,0.8
5667,0.6
5668,0.6
5669,0.6
5670,0.4
5671,0.6
5672,0.6
5673,0
5674,0.6
5675,1
5676,0.6
5677,0.2
5678,0.6
5679,1
5680,0.2
5681,0.8
5682,0.2
5683,0.8
5684,0.6
5685,1
5686,0
5687,0.8
5688,0.6
5689,0
5690,0.2
5691,0.8
5692,0.4
5693,0.6
5694,0.4
5695,0.4
5696,1
5697,0.6
5698,0.4
5699,1
5700,0.2
5701,0.4
5702,0.8
5703,0.4
5704,0.8
5705,1
5706,0.4
5707,0.6
5708,0.4
5709,1
5710,0.4
5711,0
5712,0.2
5713,1
5714,0.6
5715,0.8
5716,0.4
5717,0.6
5718,0.8
5719,0.8
5720,0.8
5721,1
5722,0.2
5723,0
5724,1
5725,0.4
5726,0.2
5727,1
5728,0.2
5729,0.8
5730,0.6
5731,0.4
5732,0.8
5733,0.2
5734,0.6
5735,1
5736,0.2
5737,1
5738,0
5739,0.4
5740,0.8
5741,1
5742,1
5743,0.8
5744,1
5745,0.2
5746,0.8
5747,0.2
5748,0.6
5749,0
5750,0.4
5751,0
5752,0.4
5753,0.8
5754,0.6
5755,0.6
5756,0.8
5757,0.2
5758,0.8
5759,1
5760,1
5761,0.2
5762,0.8
5763,0
5764,0.2
5765,0.4
5766,0.2
5767,0.2
5768,0
5769,0.2
5770,0.2
5771,0.6
5772,0.8
5773,0.8
5774,0.4
5775,0.4
5776,0.8
5777,0.4
5778,0.8
5779,0
5780,0.8
5781,1
5782,0.2
5783,0.6
5784,0.2
5785,0.2
5786,1
5787,0.6
5788,0.6
5789,1
5790,0.4
5791,0.8
5792,0.2
5793,1
5794,0.8
5795,0
5796,0.4
5797,0.8
5798,0
5799,0.4
5800,0.2
5801,0.4
5802,1
5803,1
5804,0.4
5805,0.2
5806,0
5807,0.4
5808,0.8
5809,0.4
5810,0.6
5811,0.2
5812,0.2
5813,0.8
5814,1
5815,0.2
5816,0.8
5817,0.2
5818,0.8
5819,0.4
5820,0.2
5821,0.2
5822,0.8
5823,1
5824,0.8
5825,0.2
5826,0
5827,0.4
5828,0
5829,0.4
5830,1
5831,0.6
5832,0.2
5833,0.8
5834,0
5835,0.4
5836,0.8
5837,0.2
5838,0.2
5839,0
5840,0.2
5841,0.8
5842,0.2
5843,0.4
5844,0.4
5845,0.8
5846,0.4
5847,0.8
5848,0
5849,0
5850,1
5851,0.2
5852,0.8
5853,0.2
5854,0.2
5855,0.6
5856,0.2
5857,0.6
5858,0.6
5859,1
5860,1
5861,1
5862,0.6
5863,1
5864,1
5865,1
5866,0
5867,0.4
5868,0.8
5869,0.6
5870,0.8
5871,0.6
5872,0.6
5873,0.2
5874,1
5875,0.2
5876,1
5877,0.6
5878,0
5879,0.4
5880,0.4
5881,0.8
5882,0.2
5883,0
5884,1
5885,0.2
5886,0.8
5887,0.4
5888,0.6
5889,0.2
5890,0.8
5891,0
5892,0.6
5893,0.8
5894,0.8
5895,0
5896,0.4
5897,1
5898,1
5899,0.4
5900,0.4
5901,0.8
5902,0.6
5903,0
5904,0.4
5905,0.4
5906,0.4
5907,0.2
5908,0.6
5909,0.4
5910,0.4
5911,0.4
5912,1
5913,0.4
5914,0.4
5915,1
5916,0.6
5917,0
5918,1
5919,0
5920,0.6
5921,0.8
5922,0.4
5923,0.4
5924,0.2
5925,0.8
5926,0
5927,0.6
5928,0.6
5929,0
5930,0.4
5931,0.2
5932,0.8
5933,0
5934,0.4
5935,0.6
5936,0.2
5937,0
5938,0
5939,0.4
5940,0.2
5941,0.8
5942,0.4
5943,0
5944,0.2
5945,0.8
5946,0.2
5947,0.4
5948,0
5949,0.6
5950,0.2
5951,0.4
5952,0.2
